<?xml version="1.0" encoding="UTF-8" ?>
<templates>
    <!--<t t-name="multicolor_backend_theme.theme">
        <li class="new_icon">
            <label class="my_icon" style="margin-bottom:0px;" title="My icon">
                <div class="icon_div">
                  <div class="toggle-icon"><i class="fa fa-paint-brush"
                    id="fa-icon"/>
                  </div>
              </div>
            </label>
        </li>
    </t>-->

    <t t-name="multicolor_backend_theme.systray.ThemeMenu">
        <li class="themes_selector_li">
            <a class="themes_selector_button"
               data-display="static" aria-expanded="false" title="Themes"
               role="button">
                <i class="fa fa-paint-brush" role="img" aria-label="Themes Configuration"/>
            </a>
            <div class="themes_selector dropdown-menu-right"
                 role="menu">
                <div class="row">
                    <div class="themes_list">
                        <div class="row theme_obj">
                            <select class="theme_select">
                                <t t-foreach="widget.theme_data"
                                   t-as="theme_data">
                                    <t t-if="widget.selected_theme.id == theme_data.id">
                                        <option t-att-id="theme_data.id"
                                                selected="selected"
                                                t-att-value="theme_data.id">
                                            <span t-esc="theme_data.name"/>
                                        </option>
                                    </t>
                                    <t t-else="widget.selected_theme.id == theme_data.id">
                                        <option t-att-id="theme_data.id"
                                                t-att-value="theme_data.id">
                                            <span t-esc="theme_data.name"/>
                                        </option>
                                    </t>
                                </t>
                            </select>
                        </div>
                    </div>

                    <div class="selected_theme">
                        <t t-call="multicolor_backend_theme.selected_theme"/>
                    </div>
                </div>

                <div class="header_buttons row">
                    <div class="button-create cell">
                        Create
                    </div>
                    <div class="button-remove cell">
                        Remove
                    </div>
                    <div class="button-apply cell fa fa-check">
                        Apply
                    </div>
                </div>

            </div>
        </li>
    </t>
    <t t-name="multicolor_backend_theme.selected_theme">
        <div class="theme_data">
            <t t-set="selected_theme" t-value="widget.selected_theme"/>
            <div class="theme_extra">
                <t t-if="selected_theme.theme_active==true">
                    <div class="theme-active"><p>Active</p></div>
                </t>
            </div>
            <div class="row name">
                <div class="cell">
                    <p>Name</p>
                </div>
                <div class="cell">
                    <input type="text"
                           id="name"
                           readonly="readonly"
                           t-att-value="selected_theme.name"/>
                    <i class="fa fa-pencil"></i>
                </div>
            </div>
            <div class="row theme_image">
                <div class="cell">
                    <p>Sidebar image</p>
                </div>
                <div class="cell">
                    <div class="img-picker"
                         t-att-id="'selected_'+selected_theme.id"/>
                </div>
            </div>
            <div class="color_selector">
                <div class="row theme_main_color">
                    <div class="cell">
                        <p>Base color</p>
                    </div>
                    <div class="cell">
                        <div class="color" id="theme_main_color"
                             t-att-style="'background-color:'+selected_theme.theme_main_color"/>
                    </div>
                </div>
                <div class="row theme_font_color">
                    <div class="cell">
                        <p>Font color</p>
                    </div>
                    <div class="cell">
                        <div class="color" id="theme_font_color"
                             t-att-style="'background-color:'+selected_theme.theme_font_color"/>
                    </div>
                </div>
                <div class="row view_font_color">
                    <div class="cell">
                        <p>View font color</p>
                    </div>
                    <div class="cell">
                        <div class="color" id="view_font_color"
                             t-att-style="'background-color:'+selected_theme.view_font_color"/>
                    </div>
                </div>
            </div>

            <!-- <div class="row header_icon_color">
                 <div class="cell">
                     <p>Header icons</p>
                 </div>
                 <div class="cell">
                     <div class="color" id="header_icon_color"
                          t-att-style="'background-color:'+selected_theme.header_icon_color"/>
                 </div>
             </div>
             <div class="row button_background">
                 <div class="cell">
                     <p>Button background</p>
                 </div>
                 <div class="cell">
                     <div class="color" id="button_background"
                          t-att-style="'background-color:'+selected_theme.button_background"/>
                 </div>
             </div>
             <div class="row button_color">
                 <div class="cell">
                     <p>Button font</p>
                 </div>
                 <div class="cell">
                     <div class="color" id="button_color"
                          t-att-style="'background-color:'+selected_theme.button_color"/>
                 </div>
             </div>
             <div class="row view_font_color">
                 <div class="cell">
                     <p>Views</p>
                 </div>
                 <div class="cell">
                     <div class="color" id="view_font_color"
                          t-att-style="'background-color:'+selected_theme.view_font_color"/>
                 </div>
             </div>-->
        </div>
    </t>
</templates>

