<?xml version="1.0" encoding="UTF-8" ?>
<odoo noupdate="1">
    <record id="mt_ticket_rating" model="mail.message.subtype">
        <field name="name">Ticket Rating</field>
        <field name="res_model">helpdesk.ticket</field>
        <field name="default" eval="True" />
        <field name="description">Ratings</field>
    </record>
    <record id="rating_ticket_email_template" model="mail.template">
        <field name="name">Helpdesk Ticket: Rating Request</field>
        <field name="model_id" ref="helpdesk_mgmt.model_helpdesk_ticket" />
        <field
            name="email_from"
        >${object.rating_get_rated_partner_id().email or '' | safe}</field>
        <field
            name="email_to"
        >${object.rating_get_partner_id().email or '' | safe}</field>
        <field
            name="subject"
        >Satisfaction Survey of the ticket ${object.number} - ${object.name}</field>
        <field name="partner_to">${object.rating_get_partner_id().id}</field>
        <field name="auto_delete" eval="True" />
        <field
            name="body_html"
        ><![CDATA[
        % set access_token = object.rating_get_access_token()
        <div style="background:#F0F0F0;color:#515166;padding:10px 0px;font-family:Arial,Helvetica,sans-serif;font-size:14px;">
        <table style="width:600px;margin:5px auto;">
            <tbody>
                <tr><td>
                    <a href="/"><img src="/web/binary/company_logo" style="vertical-align:baseline;max-width:100px;" /></a>
                </td><td style="text-align:right;vertical-align:middle;">
                        Satisfaction Survey
                </td></tr>
            </tbody>
        </table>
        <table style="width:600px;margin:0px auto;background:white;border:1px solid #e1e1e1;">
          <tbody>
              <tr><td style="padding:15px 20px 10px 20px;">
                  <p>Hello,</p>
                  <p>Please take a moment to rate our services related to the ticket "<strong>${object.number} - ${object.name}</strong>"
                     assigned to <strong>${object.rating_get_rated_partner_id().name}</strong>.</p>
                  <p>We appreciate your feedback. It helps us to improve continuously.</p>
              </td></tr>
              <tr><td style="padding:10px 20px">
                  <table summary="o_mail_notification" style="width:100%;border-top:1px solid #e1e1e1;">
                      <tr>
                          <td style="text-align:center;">
                              <h2 style="font-weight:300;font-size:18px;">
                                  Tell us how you feel about our service:
                              </h2>
                              <div style="text-color: #888888">(click on one of these smileys)</div>
                          </td>
                      </tr>
                      <tr>
                          <td style="padding:10px 10px;">
                              <table style="width:100%;text-align:center;">
                                  <tr>
                                      <td>
                                          <a href="/rate/${access_token}/5">
                                              <img alt="Satisfied" src="/rating/static/src/img/rating_5.png" title="Satisfied"/>
                                          </a>
                                      </td>
                                      <td>
                                          <a href="/rate/${access_token}/3">
                                              <img alt="Not satisfied" src="/rating/static/src/img/rating_3.png" title="Not satisfied"/>
                                          </a>
                                      </td>
                                      <td>
                                          <a href="/rate/${access_token}/1">
                                              <img alt="Highly Dissatisfied" src="/rating/static/src/img/rating_1.png" title="Highly Dissatisfied"/>
                                          </a>
                                      </td>
                                  </tr>
                              </table>
                          </td>
                      </tr>
                  </table>
              </td></tr>
              <tr><td style="padding:15px 20px 10px 20px;">${(object.user_id.signature or '')| safe}</td></tr>
          </tbody>
      </table>
      <table style="width:600px;margin:auto;text-align:center;font-size:12px;">
        <tbody>
          <tr><td style="padding-top:10px;color:#afafaf;">
              % if object.rating_status == 'stage_change':
                  <p>This customer survey has been sent because your ticket has been moved to the stage <b>${object.stage_id.name}</b></p>
              % endif
          </td></tr>
        </tbody>
      </table>
    </div>
    ]]></field>
    </record>
</odoo>
