<?xml version="1.0" encoding="utf-8" ?>
<odoo noupdate="1">
    <record forcecreate="True" id="ir_cron_packaging_required" model="ir.cron">
        <field name="name">Packaging Required</field>
        <field
            ref="product_packaging_type.model_product_packaging_type"
            name="model_id"
        />
        <field name="state">code</field>
        <field name="code">model.cron_check_create_required_packaging()</field>
        <field eval="False" name="active" />
        <field name="user_id" ref="base.user_root" />
        <field name="interval_number">20</field>
        <field name="interval_type">minutes</field>
        <field name="numbercall">-1</field>
        <field eval="False" name="doall" />
    </record>
</odoo>
