<?xml version="1.0" encoding="utf-8" ?>
<!-- Copyright 2014-2015 NDP Systèmes (<https://www.ndp-systemes.fr>)
     License AGPL-3.0 or later (https://www.gnu.org/licenses/agpl). -->
<odoo>
    <record model="stock.rule" id="stock_rule_a_to_b">
        <field name="name">1 => 2 with auto_move</field>
        <field name="action">pull</field>
        <field name="location_id" ref="stock_location_b" />
        <field name="warehouse_id" ref="stock.warehouse0" />
        <field name="route_id" ref="test_route" />
        <field name="group_propagation_option">propagate</field>
        <field name="propagate_cancel" eval="True" />
        <field name="picking_type_id" ref="stock.picking_type_internal" />
        <field name="procure_method">make_to_stock</field>
        <field name="auto_move" eval="True" />
        <field name="location_src_id" ref="stock_location_a" />
    </record>
    <record model="stock.rule" id="auto_location_path">
        <field name="name">Test push route 3=>1</field>
        <field name="location_src_id" ref="stock_location_c" />
        <field name="location_id" ref="stock_location_a" />
        <field name="picking_type_id" ref="stock.picking_type_internal" />
        <field name="auto">transparent</field>
        <field name="route_id" ref="test_route" />
        <field name="action">push</field>
    </record>
</odoo>
