id,name,model_id:id,group_id:id,perm_read,perm_write,perm_create,perm_unlink
access_auth_saml_provider,auth_saml_provider,model_auth_saml_provider,base.group_system,1,1,1,1
access_auth_res_users_saml,auth_res_users_saml,model_res_users_saml,base.group_system,1,1,1,1
access_auth_saml_attribute_mapping,auth_saml_attribute_mapping,model_auth_saml_attribute_mapping,base.group_system,1,1,1,1
access_auth_saml_token,access_auth_saml_token,model_auth_saml_token,,0,0,0,0
auth_saml_provider_erp_manager_access,auth_saml_provider_erp_manager_access,model_auth_saml_provider,base.group_erp_manager,1,0,0,0
access_auth_saml_request,access_auth_saml_request,model_auth_saml_request,,0,0,0,0
