<?xml version="1.0" encoding="UTF-8" ?>
<odoo>
    <!-- Lot-related subtypes for messaging / Chatter -->
    <record id="mt_lock_lot" model="mail.message.subtype">
        <field name="name">Serial Number/lot blocked</field>
        <field name="res_model">stock.production.lot</field>
        <field name="default" eval="False" />
        <field name="description">Serial Number/lot blocked</field>
    </record>
    <record id="mt_unlock_lot" model="mail.message.subtype">
        <field name="name">Serial Number/lot unblocked</field>
        <field name="res_model">stock.production.lot</field>
        <field name="default" eval="False" />
        <field name="description">Serial Number/lot unblocked</field>
    </record>
</odoo>
